<?xml version="1.0" encoding="UTF-8"?>
<project-private xmlns="http://www.netbeans.org/ns/project-private/1">
    <editor-bookmarks xmlns="http://www.netbeans.org/ns/editor-bookmarks/2" lastBookmarkId="0"/>
    <open-files xmlns="http://www.netbeans.org/ns/projectui-open-files/2">
        <group>
            <file>file:/C:/Users/Francesco/Desktop/GestioneCircolari3_(2)/GestioneCircolari3/src/GestioneCircolari/Modifica.java</file>
            <file>file:/C:/Users/Francesco/Desktop/GestioneCircolari3_(2)/GestioneCircolari3/src/GestioneCircolari/Ricerca.java</file>
            <file>file:/C:/Users/Francesco/Desktop/GestioneCircolari3_(2)/GestioneCircolari3/src/GestioneCircolari/Inserimento.java</file>
            <file>file:/C:/Users/Francesco/Desktop/GestioneCircolari3_(2)/GestioneCircolari3/src/GestioneCircolari/Globale.java</file>
            <file>file:/C:/Users/Francesco/Desktop/GestioneCircolari3_(2)/GestioneCircolari3/src/GestioneCircolari/JavaBisestile.java</file>
            <file>file:/C:/Users/Francesco/Desktop/GestioneCircolari3_(2)/GestioneCircolari3/src/GestioneCircolari/Circolare.java</file>
            <file>file:/C:/Users/Francesco/Desktop/GestioneCircolari3_(2)/GestioneCircolari3/src/GestioneCircolari/archivioCircolari.java</file>
        </group>
    </open-files>
</project-private>
